Date,Clicks,Impressions,CTR,Position
2026-07-07,2,23,8.7%,34.5
2026-07-08,2,17,11.76%,59.3
2026-07-09,9,29,31.03%,21.9
2026-07-10,0,32,0%,48
2026-07-11,0,22,0%,51.7
2026-07-12,0,14,0%,48.3
2026-07-13,1,18,5.56%,44.6
2026-07-14,1,16,6.25%,65.6
2026-07-15,2,17,11.76%,40.4
2026-07-16,7,14,50%,36.6
2026-07-17,4,11,36.36%,40
2026-07-18,2,7,28.57%,39.9
2026-07-19,0,5,0%,48.2
2026-07-20,1,20,5%,44.5
2026-07-21,6,22,27.27%,31.2
2026-07-22,7,11,63.64%,6.8
2026-07-23,2,6,33.33%,21.2
2026-07-24,1,11,9.09%,15.1
2026-07-25,2,9,22.22%,27.9
2026-07-26,0,9,0%,40.6
2026-07-27,1,3,33.33%,57.7
2026-07-28,0,9,0%,31.9
2026-07-29,1,8,12.5%,44.8
2026-07-30,0,13,0%,48.8
2026-07-31,1,10,10%,45.4
2026-08-01,1,4,25%,21.2
2026-08-02,0,10,0%,30.4
2026-08-03,0,2,0%,27.5
2026-08-04,1,8,12.5%,37.1
2026-08-05,2,9,22.22%,7.1
2026-08-06,0,4,0%,38.2
2026-08-07,0,6,0%,17
2026-08-08,0,5,0%,18
2026-08-09,4,8,50%,1.9
2026-08-10,4,22,18.18%,15.3
2026-08-11,4,9,44.44%,28.4
2026-08-12,0,10,0%,77.9
2026-08-13,1,19,5.26%,48.8
2026-08-14,0,8,0%,63.1
2026-08-15,1,15,6.67%,55.3
2026-08-16,1,14,7.14%,55.1
2026-08-17,0,12,0%,65.3
2026-08-18,4,19,21.05%,39.4
2026-08-19,0,9,0%,33.9
2026-08-20,1,15,6.67%,45.1
2026-08-21,0,10,0%,56.1
2026-08-22,1,6,16.67%,51.8
2026-08-23,0,5,0%,60
2026-08-24,2,9,22.22%,54.4
2026-08-25,3,12,25%,35.7
2026-08-26,0,12,0%,57.2
2026-08-27,0,15,0%,54.1
2026-08-28,3,12,25%,51.5
2026-08-29,3,22,13.64%,43.4
2026-08-30,0,13,0%,71.8
2026-08-31,3,15,20%,37.8
2026-09-01,2,9,22.22%,22.1
2026-09-02,5,21,23.81%,25.4
2026-09-03,4,11,36.36%,29.6
2026-09-04,1,6,16.67%,21.8
2026-09-05,1,8,12.5%,15.5
2026-09-06,2,5,40%,22.4
2026-09-07,3,7,42.86%,8.7
2026-09-08,3,7,42.86%,3.3
2026-09-09,1,11,9.09%,20.5
2026-09-10,1,4,25%,15.8
2026-09-11,1,9,11.11%,32.7
2026-09-12,0,5,0%,11.4
2026-09-13,1,2,50%,25
2026-09-14,9,17,52.94%,4.3
2026-09-15,7,9,77.78%,3
2026-09-16,5,12,41.67%,14.2
2026-09-17,2,9,22.22%,3.2
2026-09-18,0,1,0%,1
2026-09-19,0,4,0%,20.2
2026-09-20,1,2,50%,1
2026-09-21,3,7,42.86%,5.6
2026-09-22,1,5,20%,28.2
2026-09-23,1,4,25%,2
2026-09-24,2,10,20%,23.6
2026-09-25,0,6,0%,4.8
2026-09-26,2,6,33.33%,11.2
2026-09-27,5,11,45.45%,2.6
2026-09-28,0,1,0%,9
2026-09-29,0,4,0%,6.2
2026-09-30,0,4,0%,10.5
2026-10-01,3,5,60%,17
2026-10-02,1,8,12.5%,14.2
2026-10-03,0,8,0%,5.6
2026-10-04,0,10,0%,11.6
2026-10-05,1,6,16.67%,24.5
2026-10-06,1,16,6.25%,13.3