Country,Clicks,Impressions,CTR,Position
India,151,575,26.26%,33.12
Sri Lanka,5,35,14.29%,6.51
Nepal,1,7,14.29%,7.14
Canada,1,1,100%,1
Ghana,1,1,100%,1
Puerto Rico,1,1,100%,3
United States,0,110,0%,12.9
Vietnam,0,31,0%,53.81
Philippines,0,24,0%,58.17
Mexico,0,18,0%,56.44
Indonesia,0,17,0%,56.18
United Kingdom,0,16,0%,68.56
Turkey,0,13,0%,62.69
Pakistan,0,12,0%,27.42
Australia,0,11,0%,81.27
Malaysia,0,10,0%,63.2
United Arab Emirates,0,9,0%,13.78
Bangladesh,0,8,0%,66.75
Morocco,0,7,0%,54
Thailand,0,7,0%,70.29
Algeria,0,6,0%,44.5
Brazil,0,5,0%,20
France,0,4,0%,24.5
Ukraine,0,4,0%,57.25
Spain,0,4,0%,62
Hungary,0,3,0%,2.33
Egypt,0,3,0%,30.33
Russia,0,3,0%,36
Hong Kong,0,2,0%,1
Colombia,0,2,0%,22.5
Netherlands,0,2,0%,29
Tunisia,0,2,0%,29.5
Iran,0,2,0%,36
Saudi Arabia,0,2,0%,88
Singapore,0,1,0%,1
Lebanon,0,1,0%,2
Nigeria,0,1,0%,4
Ecuador,0,1,0%,5
Germany,0,1,0%,44
Jordan,0,1,0%,75
Poland,0,1,0%,85
Romania,0,1,0%,87