Top pages,Clicks,Impressions,CTR,Position
https://sjmaths.com/,131,316,41.46%,7.65
https://sjmaths.com/class-10-maths/,20,147,13.61%,1.65
https://sjmaths.com/pages/,2,95,2.11%,1.93
https://sjmaths.com/class-11-maths/ncert-exemplar-practice/,2,13,15.38%,11.15
https://sjmaths.com/ssc-cgl/quantitative-aptitude/simple-and-compound-interest/simple-and-compound-interest-installment-formulas/,1,19,5.26%,48.26
https://sjmaths.com/current-affairs/,1,18,5.56%,5.28
https://sjmaths.com/class-9-ganita-manjari-part-2/chapter-12-quadrilaterals/,1,3,33.33%,6.67
https://sjmaths.com/class-9-ganita-manjari-part-2/chapter-13-two-variables-one-line/,1,3,33.33%,8.33
https://sjmaths.com/class-9-ganita-manjari-part-2/chapter-11-the-world-of-algorithms/,1,2,50%,13
https://sjmaths.com/class-11-maths/ncert-exercise-practice/chapter-7-binomial-theorem/exercise-7-1.html,1,1,100%,1
https://sjmaths.com/upsc/science_and_tech/Biotechnology-Biology/Microbes-and-the-geological-environment/,1,1,100%,3
https://sjmaths.com/class-12-maths/ncert-exercise-practice/,1,1,100%,4
https://sjmaths.com/pages/about,0,99,0%,2.72
https://sjmaths.com/class-12-maths/,0,94,0%,1.93
https://sjmaths.com/pages/ebooks,0,72,0%,2.44
https://sjmaths.com/pages/about.html,0,43,0%,1.14
https://sjmaths.com/ahc-ro-aro/,0,41,0%,50
https://sjmaths.com/pages/pricing,0,36,0%,2.94
https://sjmaths.com/pages/contact,0,32,0%,2.94
https://sjmaths.com/pages/faq,0,28,0%,3.07
https://sjmaths.com/current-affairs/topic/banking/,0,22,0%,6.95
https://sjmaths.com/ssc-cgl/syllabus/,0,21,0%,66.14
https://sjmaths.com/pages/ebooks.html,0,15,0%,1.33
https://sjmaths.com/class-10-maths/chapter-wise-notes/chapter-3-pair-of-linear-equations-in-two-variables/,0,14,0%,5.64
https://sjmaths.com/class-9-ganita-manjari-part-2/chapter-10-understanding-data/,0,14,0%,7.21
https://sjmaths.com/upsc/,0,13,0%,3
https://sjmaths.com/ahc-ro-aro/geography/mountains-plateaus-plains/,0,12,0%,3.5
https://sjmaths.com/class-11-maths/,0,11,0%,1.18
https://sjmaths.com/current-affairs/monthly/2026-06/,0,10,0%,7.6
https://sjmaths.com/pages/disclaimer,0,9,0%,3.78
https://sjmaths.com/upsc/geography/Physiography-Drainage/Plains-Northern-Plains-of-India/,0,8,0%,70.88
https://sjmaths.com/upsc/environment/Climate-Change-Environmental-Administration/Montreal-Protocol-and-Kigali-Agreement/,0,8,0%,83.88
https://sjmaths.com/upsc/modern_history/Constitutional-Development-In-India/Government-of-India-Act-1858/,0,8,0%,87.12
https://sjmaths.com/class-9-maths/,0,7,0%,1.57
https://sjmaths.com/current-affairs/ssc-mts/,0,7,0%,5.43
https://sjmaths.com/ssc-cgl/reasoning/,0,7,0%,65.71
https://sjmaths.com/pages/pricing.html,0,6,0%,2
https://sjmaths.com/pages/terms,0,6,0%,6.5
https://sjmaths.com/upsc/ancient_history/HarappanIndus-Valley-Civilisation/Socio-Cultural-Aspects-of-Indus-Valley-Civilisation/hi/,0,6,0%,7
https://sjmaths.com/ahc-ro-aro/population-ecology-urbanisation/census-2011-highlights/,0,6,0%,8
https://sjmaths.com/upsc/polity/Historical-Background-Making-of-Constitution/Indian-Councils-Act-1892/,0,6,0%,54.17
https://sjmaths.com/pages/class-11-maths-formula-bible,0,5,0%,1
https://sjmaths.com/ssc-cgl/statistics/,0,5,0%,56.4
https://sjmaths.com/upsc/csat/Analytical-Reasoning-Puzzles/Mirror-Images-and-Water-Images/,0,5,0%,64.2
https://sjmaths.com/upsc/economy/Public-Finance-Taxation/Comparison-between-Surcharge-and-Cess/,0,5,0%,67.8
https://sjmaths.com/upsc/environment/Climate-Change-Environmental-Administration/Zoological-Survey-of-India-ZSI/,0,5,0%,82.2
https://sjmaths.com/pages/support,0,4,0%,2.5
https://sjmaths.com/upsc/modern_history/Peasant-and-Tribal-Uprisings/Tribal-Movements-Jaintia-and-Garo-Rebellion/,0,4,0%,2.5
https://sjmaths.com/pages/contact.html,0,4,0%,4.5
https://sjmaths.com/current-affairs/topic/economy/,0,4,0%,5.5
https://sjmaths.com/class-10-maths/previous-year-questions/chapter-8-introduction-to-trigonometry/trigonometric-ratios,0,4,0%,7.25
https://sjmaths.com/upsc/modern-history/Second-Phase-of-British-Expansion-In-India/Policy-of-Proud-Reserve/,0,4,0%,9.25
https://sjmaths.com/class-10-maths/chapter-wise-notes/chapter-10-circles/,0,4,0%,34.25
https://sjmaths.com/up-tgt-home-science/,0,4,0%,41.25
https://sjmaths.com/ssc-cgl/general-awareness/static-gk/,0,4,0%,51.5
https://sjmaths.com/upsc/ancient_history/Age-of-Mahajanapadas/The-16-Mahajanapadas/,0,4,0%,56.5
https://sjmaths.com/ssc-cgl/english/sentence-rearrangementreordering/sentence-rearrangement/,0,4,0%,66.25
https://sjmaths.com/class-11-maths/ncert-exercise-practice/chapter-8-sequences-and-series/exercise-8-1,0,4,0%,66.5
https://sjmaths.com/upsc/environment/Climate-Change-Environmental-Administration/Intergovernmental-Panel-on-Climate-Change-IPCC/,0,4,0%,79.75
https://sjmaths.com/upsc/ancient-history/History-of-South-India-The-Sangam-Dynasties/Cheras/,0,4,0%,86.25
https://sjmaths.com/upsc/modern-history/Second-Phase-of-National-Movement-1918-1929/Indian-Statutory-Commission-Simon-Commission-1927/,0,4,0%,89.75
https://sjmaths.com/ahc-ro-aro/history-of-india/advent-of-europeans/,0,3,0%,1
https://sjmaths.com/class-12-maths/ncert-exercise-practice/chapter-1-relations-and-functions/exercise-1-1.html,0,3,0%,2
https://sjmaths.com/ahc-ro-aro/indian-national-movement/formation-of-inc/,0,3,0%,6
https://sjmaths.com/class-9-maths/chapter-wise-notes/chapter-7-probability/,0,3,0%,8
https://sjmaths.com/class-9-maths/chapter-wise-notes/chapter-9-triangles/,0,3,0%,11.33
https://sjmaths.com/upsc/polity/Historical-Background-Making-of-Constitution/Amending-Act-1781/,0,3,0%,29
https://sjmaths.com/upsc/environment/Terrestrial-Aquatic-Ecosystems/Littoral-and-Swamp-Forests/,0,3,0%,37
https://sjmaths.com/class-10-maths/previous-year-questions/,0,3,0%,45
https://sjmaths.com/ssc-cgl/reasoning/non-verbal-series/,0,3,0%,53.67
https://sjmaths.com/class-11-maths/ncert-exercise-practice/chapter-4-complex-numbers-and-quadratic-equations/exercise-4-1,0,3,0%,56.33
https://sjmaths.com/ssc-cgl/finance-economics/,0,3,0%,60.67
https://sjmaths.com/upsc/polity/State-Executive-State-Legislature/ARC-Administrative-Reforms-Commission/,0,3,0%,60.67
https://sjmaths.com/upsc/economy/Human-Development-Poverty-Employment/UNDP-Human-Development-Report-HDR/,0,3,0%,65
https://sjmaths.com/upsc/economy/Planning-Economic-Reforms/Central-sector-and-Centrally-Sponsored-Schemes/,0,3,0%,67.33
https://sjmaths.com/upsc/modern_history/First-Phase-of-National-Movement-1905-1917/Key-Sessions-of-the-Indian-National-Congress-INC/,0,3,0%,73.67
https://sjmaths.com/upsc/environment/Climate-Change-Environmental-Administration/Coastal-Regulation-Zone/,0,3,0%,81.33
https://sjmaths.com/upsc/ancient_history/HarappanIndus-Valley-Civilisation/Weights-and-Measures/,0,2,0%,1.5
https://sjmaths.com/upsc/medieval_history/Bhakti-and-Sufi-Movements/Vaishnavism-Saints-Ramdas/,0,2,0%,2.5
https://sjmaths.com/maths-mastery/,0,2,0%,3.5
https://sjmaths.com/ahc-ro-aro/english/tenses-conditionals/,0,2,0%,5
https://sjmaths.com/upsc/modern_history/Important-Committees-and-Commissions/Famine-MacDonnell-Commission/,0,2,0%,5
https://sjmaths.com/ahc-ro-aro/general-science/matter-its-states/,0,2,0%,8
https://sjmaths.com/current-affairs/topic/appointments/,0,2,0%,8
https://sjmaths.com/ssc-cgl/general-awareness/history-and-culture/vijayanagara-bahmani-kingdoms-bhakti-sufi-movements/,0,2,0%,9
https://sjmaths.com/pages/index.html,0,2,0%,10
https://sjmaths.com/sat/,0,2,0%,10
https://sjmaths.com/upsc/environment/Climate-Change-Environmental-Administration/Wildlife-Protection-Act-1972/,0,2,0%,11
https://sjmaths.com/upsc/polity/Historical-Background-Making-of-Constitution/Charter-Act-1853/,0,2,0%,11
https://sjmaths.com/upsc/modern-history/Arrival-of-Europeans-in-India/Portuguese-Albuquerque/,0,2,0%,19
https://sjmaths.com/up-tgt-commerce/,0,2,0%,20.5
https://sjmaths.com/upsc/modern_history/The-Revolt-of-1857/Local-Government-Ripons-Resolution-1882/,0,2,0%,27
https://sjmaths.com/ssc-cgl/quantitative-aptitude/tables-and-graphs/,0,2,0%,30.5
https://sjmaths.com/upsc/modern_history/Peasant-and-Tribal-Uprisings/Tribal-Movements-Bhil-Uprising/,0,2,0%,33
https://sjmaths.com/ssc-cgl/general-awareness/history-and-culture/,0,2,0%,38
https://sjmaths.com/upsc/ancient_history/History-of-Later-Vedic-Period/Economic-Activities/,0,2,0%,40.5
https://sjmaths.com/upsc/modern_history/Third-Phase-of-National-Movement/Congress-Working-Committee-at-Wardha/,0,2,0%,41
https://sjmaths.com/upsc/polity/Constitutional-Extra-Constitutional-Bodies/Joint-State-public-Service-Commission/,0,2,0%,42.5
https://sjmaths.com/ssc-cgl/statistics/quartiles-deciles-percentiles/quartiles-deciles-percentiles/,0,2,0%,45
https://sjmaths.com/upsc/ancient-history/Prehistory/History-of-Mesolithic-or-Middle-Stone-Age/,0,2,0%,45.5
https://sjmaths.com/ssc-cgl/computer-knowledge/,0,2,0%,46.5
https://sjmaths.com/upsc/polity/Union-Executive-Legislature-Parliament/Chairman-and-Deputy-chairman-of-the-Council-of-States/,0,2,0%,46.5
https://sjmaths.com/ssc-cgl/quantitative-aptitude/squarecube-roots/,0,2,0%,49.5
https://sjmaths.com/upsc/ancient_history/History-of-Post-Mauryan-Period/Satavahanas/,0,2,0%,49.5
https://sjmaths.com/up-tgt-mathematics/,0,2,0%,50
https://sjmaths.com/upsc/ancient-history/Age-of-Mahajanapadas/The-16-Mahajanapadas/,0,2,0%,50
https://sjmaths.com/ssc-cgl/quantitative-aptitude/,0,2,0%,50.5
https://sjmaths.com/upsc/environment/Climate-Change-Environmental-Administration/National-Ganga-River-Basin-Authority/,0,2,0%,50.5
https://sjmaths.com/upsc/environment/Waste-Management/Treatments-Methods-in-Waste-Management/,0,2,0%,52.5
https://sjmaths.com/ssc-cgl/reasoning/space-visualisation-and-orientation/,0,2,0%,54.5
https://sjmaths.com/upsc/environment/Climate-Change-Environmental-Administration/Central-Water-Commission/,0,2,0%,54.5
https://sjmaths.com/upsc/art-and-culture/Paintings/Contemporary-Paintings/,0,2,0%,57.5
https://sjmaths.com/ssc-cgl/reasoning/topics/symbolic-operations/,0,2,0%,62
https://sjmaths.com/ssc-cgl/statistics/topics/quartiles-deciles-percentiles/,0,2,0%,62
https://sjmaths.com/upsc/modern_history/Education-during-British-Rule/Saddler-University-Commission-1917-19/,0,2,0%,63
https://sjmaths.com/upsc/ancient-history/HarappanIndus-Valley-Civilisation/Seals-and-Images/,0,2,0%,64.5
https://sjmaths.com/ssc-cgl/general-awareness/economic-scene-economy/national-income-gdp-gnp-ndp-nnp-concepts-calculation/,0,2,0%,65
https://sjmaths.com/upsc/economy/External-Sector-International-Organizations/World-Meteorological-Organization-WMO/,0,2,0%,67.5
https://sjmaths.com/upsc/economy/Fundamental-Concepts-National-Income/Economic-Growth-Vs-Economic-Development/,0,2,0%,67.5
https://sjmaths.com/ssc-cgl/quantitative-aptitude/profit-and-loss-discount-interest/simple-interest-compound-interest-installments-difference-formulas/,0,2,0%,69
https://sjmaths.com/upsc/economy/Industry-Infrastructure-in-Indian-Economy/Special-Economic-Zones-SEZ/,0,2,0%,69
https://sjmaths.com/upsc/geography/Geomorphology/Volcanism-Types-and-Associated-Concepts/,0,2,0%,69.5
https://sjmaths.com/upsc/environment/Climate-Change-Environmental-Administration/Green-Rating-for-Integrated-Habitat-Assessment-GRIHA/,0,2,0%,70.5
https://sjmaths.com/upsc/modern_history/First-Phase-of-National-Movement/Key-Sessions-of-the-Indian-National-Congress/,0,2,0%,72.5
https://sjmaths.com/upsc/economy/External-Sector-International-Organizations/International-Monetary-Fund-IMF/,0,2,0%,74
https://sjmaths.com/upsc/environment/Climate-Change-Environmental-Administration/Arctic-Council/,0,2,0%,75
https://sjmaths.com/upsc/environment/Climate-Change-Environmental-Administration/Wildlife-Crime-Control-Bureau/,0,2,0%,78.5
https://sjmaths.com/upsc/economy/Human-Development-Poverty-Employment/World-Happiness-Report/,0,2,0%,79
https://sjmaths.com/upsc/environment/Climate-Change-Environmental-Administration/Animal-Welfare-Board-of-India-AWBI/,0,2,0%,79
https://sjmaths.com/upsc/geography/Climatology/The-Hot-Wet-Equatorial-Climate/,0,2,0%,80.5
https://sjmaths.com/upsc/art_and_culture/Performing-Arts/Dances-Eight-Classical-Dance-Forms-in-India/,0,2,0%,81
https://sjmaths.com/upsc/modern_history/Second-Phase-of-National-Movement-1918-1929/Indian-Statutory-Commission-Simon-Commission-1927/,0,2,0%,82.5
https://sjmaths.com/upsc/environment/Waste-Management/Stockholm-Convention-on-Persistent-Organic-Pollutants/,0,2,0%,83
https://sjmaths.com/upsc/modern_history/Arrival-of-Europeans-in-India/The-Third-Carnatic-War/,0,2,0%,83.5
https://sjmaths.com/upsc/geography/Human-Economic-Geography/Operating-costs-in-transport/,0,2,0%,84
https://sjmaths.com/upsc/ancient-history/History-of-South-India-The-Sangam-Dynasties/Sangam-Literature/,0,2,0%,84.5
https://sjmaths.com/upsc/economy/Human-Development-Poverty-Employment/Employment-and-Unemployment-Concepts/,0,2,0%,85.5
https://sjmaths.com/upsc/environment/Climate-Change-Environmental-Administration/Biological-Diversity-Act-2002/,0,2,0%,87
https://sjmaths.com/upsc/environment/Pollution-Occupational-Hazards/National-Air-Quality-Index-NAQI-and-National-Ambient-Air-Quality-Standards-NAAQS/,0,2,0%,87.5
https://sjmaths.com/upsc/environment/Climate-Change-Environmental-Administration/Green-Buildings/,0,2,0%,91.5
https://sjmaths.com/upsc/economy/Industry-Infrastructure-in-Indian-Economy/National-Investment-Manufacturing-Zones/,0,2,0%,92.5
https://sjmaths.com/upsc/modern-history/Peasant-and-Tribal-Uprisings/Peasant-Movements-Bardoli-Movement/,0,2,0%,93
https://sjmaths.com/upsc/economy/Industry-Infrastructure-in-Indian-Economy/Intellectual-Property-Rights-IPR/,0,2,0%,94.5
https://sjmaths.com/class-10-maths/previous-year-questions/chapter-wise/chapter-11-areas-related-to-circles/word-problems.html,0,1,0%,1
https://sjmaths.com/class-12-maths/ncert-exercise-practice/chapter-10-vector-algebra/exercise-10-2.html,0,1,0%,1
https://sjmaths.com/ssc-cgl/computer-knowledge/windows-explorer/windows-explorer-keyboard-shortcuts/,0,1,0%,1
https://sjmaths.com/upsc/ancient-history/History-of-Gupta-Age-Golden-Age/Important-Gupta-Kings-Kumaragupta-I/,0,1,0%,1
https://sjmaths.com/upsc/ancient-history/History-of-South-India-The-Sangam-Dynasties/Aspects-of-Sangam-Administration/,0,1,0%,1
https://sjmaths.com/upsc/polity/Governance-Welfare-Schemes/Functions-of-attached-and-subordinate-office/,0,1,0%,1
https://sjmaths.com/class-10-maths/ncert-exercise-practice/chapter-11-areas-related-to-circles/exercise-11-1.html,0,1,0%,2
https://sjmaths.com/class-11-maths/chapter-5-linear-inequalities.html,0,1,0%,2
https://sjmaths.com/class-11-maths/ncert-exemplar-practice/chapter-12-limits-derivatives/exemplar-12-3.html,0,1,0%,2
https://sjmaths.com/class-9-maths/chapter-wise-notes/chapter-5-circles/,0,1,0%,2
https://sjmaths.com/current-affairs/mcq/,0,1,0%,2
https://sjmaths.com/upsc/ancient-history/History-of-Early-VedicRigvedic-Period/Extent-and-Geography-of-the-Rig-Vedic-Period/,0,1,0%,2
https://sjmaths.com/upsc/environment/Nutrient-Cycling-Biodiversity/Important-Coastal-and-marine-Biodiversity-Areas/,0,1,0%,2
https://sjmaths.com/class-10-maths/chapter-wise-notes/,0,1,0%,3
https://sjmaths.com/current-affairs/daily/2026-06-18/,0,1,0%,3
https://sjmaths.com/upsc/art-and-culture/Visual-Arts/Harappan-Architecture-Town-Planning/,0,1,0%,3
https://sjmaths.com/upsc/environment/Pollution-Occupational-Hazards/The-Air-Act-1981/,0,1,0%,3
https://sjmaths.com/upsc/geography/Universe-Earth-Evolution/Planet-formation/,0,1,0%,3
https://sjmaths.com/class-11-maths/ncert-exemplar-practice/chapter-9-straight-lines/exemplar-9-1.html,0,1,0%,4
https://sjmaths.com/pages/privacy-policy,0,1,0%,4
https://sjmaths.com/ssc-cgl/general-awareness/history-and-culture/pre-historic-period-paleolithic-neolithic-ages/,0,1,0%,4
https://sjmaths.com/upsc/ancient-history/Prehistory/Prehistoric-Time-Periods/,0,1,0%,4
https://sjmaths.com/class-10-maths/ncert-exercise-practice/,0,1,0%,5
https://sjmaths.com/class-11-maths/chapter-wise-notes/chapter-7-binomial-theorem/,0,1,0%,5
https://sjmaths.com/important-questions,0,1,0%,5
https://sjmaths.com/upsc/modern_history/Arrival-of-Europeans-in-India/Portuguese-Albuquerque/,0,1,0%,5
https://sjmaths.com/upsc/polity/Historical-Background-Making-of-Constitution/Types-of-Political-System/,0,1,0%,5
https://sjmaths.com/upsc/science-and-tech/Physics-Cosmic-Physics/Dynamo/,0,1,0%,5
https://sjmaths.com/current-affairs/daily/2026-06-09/,0,1,0%,6
https://sjmaths.com/upsc/environment/Basic-Concepts-of-Ecology-Ecosystems/Types-of-Ecology/,0,1,0%,6
https://sjmaths.com/upsc/environment/Climate-Change-Environmental-Administration/Benefits-of-River-Ganga-Facts-about-Ganga-River-Pollution-and-its-impacts/,0,1,0%,6
https://sjmaths.com/current-affairs/bimonthly/2026-06-h1/,0,1,0%,7
https://sjmaths.com/up-tgt-social-science/,0,1,0%,7
https://sjmaths.com/upsc/ancient_history/HarappanIndus-Valley-Civilisation/Harappan-Trade/,0,1,0%,7
https://sjmaths.com/upsc/geography/Universe-Earth-Evolution/Galaxy/,0,1,0%,7
https://sjmaths.com/ahc-ro-aro/general-science/acids-bases-salts/,0,1,0%,8
https://sjmaths.com/class-12-maths/ncert-exercise-practice/chapter-11-three-dimensional-geometry/exercise-11-2.html,0,1,0%,8
https://sjmaths.com/pages/terms.html,0,1,0%,8
https://sjmaths.com/class-12-maths/chapter-12-linear-programming.html,0,1,0%,9
https://sjmaths.com/current-affairs/topic/awards/,0,1,0%,9
https://sjmaths.com/upsc/geography/Human-Economic-Geography/Production-of-conventional-energy/,0,1,0%,9
https://sjmaths.com/upsc/science-and-tech/Chemistry/Up-Quark-23-charge/,0,1,0%,9
https://sjmaths.com/class-11-maths/chapter-3-trigonometric-functions.html,0,1,0%,10
https://sjmaths.com/class-9-ganita-manjari-part-2/,0,1,0%,10
https://sjmaths.com/class-9-maths/chapter-wise-notes/chapter-4-algebraic-identities/,0,1,0%,10
https://sjmaths.com/competitive-exams/,0,1,0%,10
https://sjmaths.com/ssc-cgl/english/sentence-improvement/,0,1,0%,10
https://sjmaths.com/upsc/science_and_tech/Chemistry/Atom/,0,1,0%,10
https://sjmaths.com/class-12-maths/ncert-exercise-practice/chapter-7-integrals/exercise-7-8.html,0,1,0%,11
https://sjmaths.com/upsc/geography/Universe-Earth-Evolution/Star-formation/,0,1,0%,11
https://sjmaths.com/upsc/polity/Union-Territory-Citizenship-Salient-Features/Union-and-Its-Territory/,0,1,0%,11
https://sjmaths.com/ahc-ro-aro/indian-national-movement/swadeshi-movement/hi/,0,1,0%,13
https://sjmaths.com/upsc/geography/Geomorphology/Theories-Suess-Theory/,0,1,0%,16
https://sjmaths.com/class-11-maths/ncert-exercise-practice/chapter-3-trigonometric-functions/exercise-3-1,0,1,0%,19
https://sjmaths.com/upsc/modern_history/Important-Personalities/Sarojini-Naidu/,0,1,0%,19
https://sjmaths.com/upsc/modern_history/Struggles-of-the-Working-Class/All-India-Trade-Union-Congress-AITUC/,0,1,0%,19
https://sjmaths.com/upsc/polity/Constitutional-Extra-Constitutional-Bodies/State-Public-Service-Commission/,0,1,0%,19
https://sjmaths.com/upsc/science_and_tech/Physics-Cosmic-Physics/Ions-charged-particles/,0,1,0%,19
https://sjmaths.com/upsc/ancient_history/History-of-South-India-The-Sangam-Dynasties/Pandyas/,0,1,0%,20
https://sjmaths.com/upsc/art_and_culture/Religion-Language-and-Literature/Religions-Zoroastrianism/,0,1,0%,21
https://sjmaths.com/upsc/environment/Nutrient-Cycling-Biodiversity/Zoological-Parks/,0,1,0%,21
https://sjmaths.com/upsc/modern_history/Important-Committees-and-Commissions/Law-Third-Pre-Independence-Law-Commission-1862-Sir-John-Romilly/,0,1,0%,24
https://sjmaths.com/upsc/modern_history/Press-during-British-Rule/James-Augustus-Hickeys-Bengal-Gazette/,0,1,0%,26
https://sjmaths.com/class-11-maths/ncert-exercise-practice/chapter-4-complex-numbers-and-quadratic-equations/exercise-4-1.html,0,1,0%,31
https://sjmaths.com/upsc/science_and_tech/Physics-Cosmic-Physics/Gravitational-Lensing/,0,1,0%,32
https://sjmaths.com/ssc-cgl/quantitative-aptitude/basic-algebraic-identities/,0,1,0%,33
https://sjmaths.com/upsc/modern_history/Peasant-and-Tribal-Uprisings/Revolts-Sanyasi-Revolt/,0,1,0%,33
https://sjmaths.com/upsc/modern-history/The-Revolt-of-1857/Causes-of-Failure-of-the-Revolt/,0,1,0%,35
https://sjmaths.com/class-10-maths/previous-year-questions/chapter-wise/chapter-1-real-numbers/hcf-and-lcm.html,0,1,0%,39
https://sjmaths.com/upsc/geography/Climatology/The-Cool-Temperate-Eastern-Margin-Laurentian-Climate/,0,1,0%,39
https://sjmaths.com/upsc/modern_history/Constitutional-Development-In-India/Indian-Independence-Act-1947/,0,1,0%,39
https://sjmaths.com/upsc/csat/Advanced-Mathematics/Selection-Rules/,0,1,0%,40
https://sjmaths.com/ssc-cgl/finance-economics/economic-reforms-in-india-since-1991/economic-reforms-in-india-since-1991/,0,1,0%,41
https://sjmaths.com/upsc/art_and_culture/Religion-Language-and-Literature/Religions-Sikhism/,0,1,0%,42
https://sjmaths.com/upsc/modern_history/Arrival-of-Europeans-in-India/The-English-Farrukhsiyar-s-Farman/,0,1,0%,42
https://sjmaths.com/class-10-maths/chapter-wise-notes/chapter-6-triangles/,0,1,0%,43
https://sjmaths.com/class-9-ganita-manjari-part-2/chapter-9-propositions-and-their-converses/,0,1,0%,43
https://sjmaths.com/class-12-maths/previous-years-questions-chapter-wise/chapter-wise/chapter-1-relations-and-functions/types-of-relations.html,0,1,0%,44
https://sjmaths.com/ssc-cgl/quantitative-aptitude/graphs-of-linear-equations/graphs-of-linear-equations-slopes/,0,1,0%,44
https://sjmaths.com/class-12-maths/ncert-exercise-practice/chapter-13-probability/exercise-13-1,0,1,0%,45
https://sjmaths.com/class-12-maths/ncert-exercise-practice/chapter-3-matrices/misc-exercise.html,0,1,0%,45
https://sjmaths.com/upsc/modern-history/First-Phase-of-National-Movement-1905-1917/Montague-Statement-of-August-1917/,0,1,0%,46
https://sjmaths.com/class-11-maths/ncert-exercise-practice/chapter-8-sequences-and-series/exercise-8-2.html,0,1,0%,48
https://sjmaths.com/ssc-cgl/reasoning/figural-classification/,0,1,0%,48
https://sjmaths.com/upsc/environment/Climate-Change-Environmental-Administration/Standard-and-Labeling-Programme-BEE-Star-Label/,0,1,0%,48
https://sjmaths.com/upsc/polity/Constitutional-Extra-Constitutional-Bodies/State-Public-Service-Commission-SPSC/,0,1,0%,48
https://sjmaths.com/upsc/science_and_tech/Physics-Cosmic-Physics/Electromagnetic-induction/,0,1,0%,48
https://sjmaths.com/ssc-cgl/quantitative-aptitude/triangle-and-its-centres/triangle-its-centres-incentre-circumcentre-orthocentre-centroid/,0,1,0%,49
https://sjmaths.com/ssc-cgl/general-awareness/economic-scene-economy/economic-planning-five-year-plans-history-niti-aayog-structure/,0,1,0%,50
https://sjmaths.com/upsc/modern_history/Arrival-of-Europeans-in-India/Portuguese-Nino-Da-Cunha/,0,1,0%,50
https://sjmaths.com/ssc-cgl/reasoning/analytical-reasoning/,0,1,0%,51
https://sjmaths.com/upsc/economy/Public-Finance-Taxation/Union-Budget/,0,1,0%,52
https://sjmaths.com/upsc/medieval_history/The-Delhi-Sultanate/Khilji-Dynasty-Alauddin-Khilji/,0,1,0%,52
https://sjmaths.com/upsc/csat/Analytical-Reasoning-Puzzles/Series-Analogy-Classification-of-Figures/,0,1,0%,53
https://sjmaths.com/class-10-maths/previous-year-questions/chapter-wise/chapter-8-introduction-to-trigonometry/values-of-trigonometric-ratios.html,0,1,0%,55
https://sjmaths.com/class-11-maths/ncert-exercise-practice/chapter-5-linear-inequalities/exercise-5-1,0,1,0%,55
https://sjmaths.com/upsc/geography/Climatology/Various-Types-of-Wind-Seasonal-Local-Wind-etc/,0,1,0%,55
https://sjmaths.com/ssc-cgl/computer-knowledge/microsoft-excel/,0,1,0%,56
https://sjmaths.com/ssc-cgl/reasoning/numbersymbolic-classification/,0,1,0%,56
https://sjmaths.com/ssc-cgl/reasoning/statement-and-conclusion/,0,1,0%,56
https://sjmaths.com/upsc/environment/Nutrient-Cycling-Biodiversity/Sacred-forests-and-sacred-lakes/,0,1,0%,56
https://sjmaths.com/upsc/art-and-culture/Temple-Architecture/Notable-Architects/,0,1,0%,57
https://sjmaths.com/upsc/polity/State-Executive-State-Legislature/Governor-Powers-Legislative-power/,0,1,0%,57
https://sjmaths.com/class-10-maths/previous-year-questions/chapter-wise/chapter-6-triangles/,0,1,0%,58
https://sjmaths.com/class-11-maths/ncert-exercise-practice/chapter-13-statistics/exercise-13-2.html,0,1,0%,58
https://sjmaths.com/class-11-maths/ncert-exercise-practice/chapter-14-probability/exercise-14-2,0,1,0%,58
https://sjmaths.com/class-11-maths/ncert-exercise-practice/chapter-2-relations-and-functions/misc-exercise.html,0,1,0%,60
https://sjmaths.com/upsc/ancient_history/Mauryan-Empire/Aspects-of-Mauryan-Economy/,0,1,0%,60
https://sjmaths.com/upsc/environment/Climate-Change-Environmental-Administration/National-Action-Plan-for-Climate-Change-NAPCC/,0,1,0%,61
https://sjmaths.com/ssc-cgl/quantitative-aptitude/simple-and-compound-interest/,0,1,0%,62
https://sjmaths.com/ssc-cgl/quantitative-aptitude/whole-numbers-decimals-and-fractions/whole-numbers-integers-factorization-units-place-remainders/,0,1,0%,62
https://sjmaths.com/upsc/environment/Climate-Change-Environmental-Administration/Centre-for-Biological-Diversity/,0,1,0%,62
https://sjmaths.com/upsc/economy/External-Sector-International-Organizations/Food-and-Agriculture-Organization-FAO/,0,1,0%,63
https://sjmaths.com/class-11-maths/ncert-exercise-practice/chapter-12-limits-and-derivatives/exercise-12-2,0,1,0%,64
https://sjmaths.com/ssc-cgl/general-awareness/,0,1,0%,64
https://sjmaths.com/upsc/economy/Service-Sector-in-Indian-Economy/Logistics-Performance-Index-LPI/,0,1,0%,65
https://sjmaths.com/upsc/geography/Human-Economic-Geography/Atomic-nuclear-energy/,0,1,0%,66
https://sjmaths.com/upsc/csat/Logical-Verbal-Reasoning/Cutting-Cubes-Painted-Cubes-Dice-Faces/,0,1,0%,67
https://sjmaths.com/upsc/polity/Union-Executive-Legislature-Parliament/Devices-of-Parliamentary-Proceedings/,0,1,0%,67
https://sjmaths.com/upsc/science-and-tech/Biotechnology-Biology/Economic-Zoology-Beneficial-animals/,0,1,0%,68
https://sjmaths.com/class-11-maths/ncert-exercise-practice/chapter-8-sequences-and-series/exercise-8-1.html,0,1,0%,69
https://sjmaths.com/upsc/environment/Climate-Change-Environmental-Administration/National-Tiger-Conservation-Authority-NTCA/,0,1,0%,69
https://sjmaths.com/upsc/geography/Physiography-Drainage/The-Peninsular-Peninsular-Plateaus/,0,1,0%,69
https://sjmaths.com/class-11-maths/ncert-exercise-practice/chapter-7-binomial-theorem/exercise-7-1,0,1,0%,70
https://sjmaths.com/upsc/ancient-history/History-of-South-India-The-Sangam-Dynasties/Pandyas/,0,1,0%,70
https://sjmaths.com/upsc/geography/Climatology/Various-Types-of-Clouds/,0,1,0%,70
https://sjmaths.com/class-9-maths/chapter-wise-notes/chapter-12-statistics/,0,1,0%,71
https://sjmaths.com/upsc/environment/Climate-Change-Environmental-Administration/Impact-of-agriculture-on-climate/,0,1,0%,71
https://sjmaths.com/upsc/environment/Climate-Change-Environmental-Administration/National-Adaptation-Fund-for-Climate-Change-NAFCC/,0,1,0%,72
https://sjmaths.com/upsc/geography/Physiography-Drainage/Brahmaputra-river-system/,0,1,0%,72
https://sjmaths.com/upsc/modern_history/Education-during-British-Rule/Orientalist-Anglicist-Controversy/,0,1,0%,72
https://sjmaths.com/upsc/modern_history/Peasant-and-Tribal-Uprisings/Tribal-Movements-Munda-Rebellion/,0,1,0%,72
https://sjmaths.com/upsc/polity/Union-Territory-Citizenship-Salient-Features/Comparison-between-NRI-PIO-and-OCI-Cardholder/,0,1,0%,73
https://sjmaths.com/upsc/csat/Basic-Numeracy-Arithmetic/Divisibility-Rules/,0,1,0%,75
https://sjmaths.com/upsc/economy/Human-Development-Poverty-Employment/Gender-Inequality-Index-Global-Gender-Gap-Index-Gender-Parity-Index-Comparison/,0,1,0%,75
https://sjmaths.com/upsc/modern_history/Third-Phase-of-National-Movement/August-Offer-1940/,0,1,0%,75
https://sjmaths.com/upsc/science_and_tech/Defence-Nuclear-Technology/BARC/,0,1,0%,75
https://sjmaths.com/upsc/environment/Nutrient-Cycling-Biodiversity/Phosphorus-Cycle/,0,1,0%,76
https://sjmaths.com/upsc/environment/Terrestrial-Aquatic-Ecosystems/Tropical-Thorn-Forests/,0,1,0%,76
https://sjmaths.com/upsc/modern_history/Important-Personalities/Swami-Vivekananda/,0,1,0%,76
https://sjmaths.com/upsc/economy/Planning-Economic-Reforms/National-Development-Council-NDC/,0,1,0%,77
https://sjmaths.com/upsc/environment/Nutrient-Cycling-Biodiversity/Extinction-of-species/,0,1,0%,77
https://sjmaths.com/upsc/environment/Resources-Energy-Pollution/Types-of-Forests-In-India/,0,1,0%,77
https://sjmaths.com/upsc/geography/Climatology/The-Cool-Temperate-Western-Margin/,0,1,0%,77
https://sjmaths.com/upsc/modern_history/Peasant-and-Tribal-Uprisings/Revolts-Pagal-Panthis/,0,1,0%,77
https://sjmaths.com/upsc/modern_history/Second-Phase-of-National-Movement/Gandhi-Ji-in-India/,0,1,0%,78
https://sjmaths.com/upsc/polity/Local-Government-UTs-Special-Areas/Scheduled-and-Tribal-Areas/,0,1,0%,78
https://sjmaths.com/upsc/polity/State-Executive-State-Legislature/Governor-Powers-Discretionary-power/,0,1,0%,78
https://sjmaths.com/upsc/science-and-tech/Biotechnology-Biology/Genetic-engineering/,0,1,0%,78
https://sjmaths.com/upsc/art-and-culture/Pottery-Tradition/Black-and-Red-Ware-BRW/,0,1,0%,79
https://sjmaths.com/upsc/environment/Species-Related-Terminologies-Conservation-Programs/Project-Hangul-Kashmir-Stag/,0,1,0%,80
https://sjmaths.com/upsc/science-and-tech/Policy-Organization-of-ST/List-of-Various-Centre-Institutions-and-Bureaus/,0,1,0%,80
https://sjmaths.com/current-affairs/daily/2026-06-16/,0,1,0%,81
https://sjmaths.com/upsc/geography/Human-Economic-Geography/Governments-transport-policy/,0,1,0%,81
https://sjmaths.com/upsc/geography/Universe-Earth-Evolution/Motions-of-the-Earth-Rotation-Revolution-and-their-effects/,0,1,0%,81
https://sjmaths.com/upsc/environment/Waste-Management/Pollutants-and-their-health-impacts/,0,1,0%,82
https://sjmaths.com/upsc/geography/Human-Economic-Geography/Transport-costs-and-economic-distance/,0,1,0%,82
https://sjmaths.com/upsc/modern-history/Press-during-British-Rule/Licensing-Act-1857/,0,1,0%,82
https://sjmaths.com/class-10-maths/previous-year-questions/chapter-wise/chapter-11-areas-related-to-circles/area-of-segment.html,0,1,0%,83
https://sjmaths.com/upsc/economy/External-Sector-International-Organizations/International-Civil-Aviation-Organization-ICAO/,0,1,0%,83
https://sjmaths.com/upsc/environment/Climate-Change-Environmental-Administration/Botanical-Survey-of-India-BSI/,0,1,0%,83
https://sjmaths.com/upsc/environment/Climate-Change-Environmental-Administration/Sustainable-Agriculture-Techniques-Climate/,0,1,0%,83
https://sjmaths.com/upsc/geography/Climatology/Heat-Budget-of-the-Planet-Earth/,0,1,0%,83
https://sjmaths.com/upsc/geography/Geomorphology/Erosional-Landforms/,0,1,0%,83
https://sjmaths.com/upsc/environment/Species-Related-Terminologies-Conservation-Programs/Indian-Rhino-Vision-2020/,0,1,0%,84
https://sjmaths.com/upsc/ancient_history/History-of-Gupta-Age-Golden-Age/Important-Gupta-Kings-Skandagupta/,0,1,0%,85
https://sjmaths.com/upsc/modern_history/Economic-Policies-of-The-British/Land-Revenue-Mahalwari/,0,1,0%,85
https://sjmaths.com/upsc/economy/External-Sector-International-Organizations/International-Maritime-Organization-IMO/,0,1,0%,86
https://sjmaths.com/upsc/environment/Terrestrial-Aquatic-Ecosystems/Tropical-Evergreen-and-Semi-Evergreen-Forests/,0,1,0%,86
https://sjmaths.com/upsc/geography/Geomorphology/Biological-Weathering-Processes/,0,1,0%,86
https://sjmaths.com/upsc/geography/Human-Economic-Geography/Ocean-transport-routes/,0,1,0%,86
https://sjmaths.com/ssc-cgl/statistics/components-of-time-series-trend-measurement-methods/time-series-analysis-components-measurement-of-trends/,0,1,0%,87
https://sjmaths.com/upsc/environment/Species-Related-Terminologies-Conservation-Programs/CBD-Convention-of-Biological-Diversity/,0,1,0%,87
https://sjmaths.com/upsc/geography/Climatology/The-Warm-Temperate-Eastern-Margin-China-Type-Climate/,0,1,0%,87
https://sjmaths.com/upsc/modern_history/Peasant-and-Tribal-Uprisings/Revolts-Kuka-Movement/,0,1,0%,87
https://sjmaths.com/upsc/science-and-tech/Biotechnology-Biology/Biotechnology-and-medicine/,0,1,0%,87
https://sjmaths.com/upsc/ancient_history/HarappanIndus-Valley-Civilisation/Seals-and-Images/,0,1,0%,88
https://sjmaths.com/upsc/science_and_tech/Physics-Cosmic-Physics/Type-of-material-Conductor/,0,1,0%,88
https://sjmaths.com/upsc/ancient-history/History-of-South-India-The-Sangam-Dynasties/Cholas/,0,1,0%,90
https://sjmaths.com/upsc/economy/Money-and-Banking/Types-of-capital-market/,0,1,0%,91
https://sjmaths.com/upsc/environment/Waste-Management/Types-of-Solid-Waste/,0,1,0%,92
https://sjmaths.com/upsc/art_and_culture/Performing-Arts/Music-Carnatic-Music/,0,1,0%,93
https://sjmaths.com/upsc/economy/Public-Finance-Taxation/Methods-of-Taxation-Progressive-Regressive-Proportional/,0,1,0%,93
https://sjmaths.com/upsc/economy/Service-Sector-in-Indian-Economy/Logistics-Ease-Across-Different-States-LEADS-Report-2022/,0,1,0%,93
https://sjmaths.com/upsc/polity/Historical-Background-Making-of-Constitution/Important-Committees-of-the-Constituent-Assembly/,0,1,0%,93
https://sjmaths.com/upsc/polity/System-of-Governance-Emergency-Provisions/Interstate-trade-and-commerce/,0,1,0%,93
https://sjmaths.com/class-12-maths/previous-years-questions-chapter-wise/,0,1,0%,94
https://sjmaths.com/upsc/modern-history/Second-Phase-of-National-Movement-1918-1929/Nehru-Report-1928/,0,1,0%,94
https://sjmaths.com/upsc/modern_history/Peasant-and-Tribal-Uprisings/Revolts-Moplah-Uprisings/,0,1,0%,95
https://sjmaths.com/upsc/medieval_history/Bhakti-and-Sufi-Movements/Sufi-Orders-Silsila-Naqshbandi/,0,1,0%,96
https://sjmaths.com/upsc/environment/Climate-Change-Environmental-Administration/National-Board-for-Wildlife-NBWL/,0,1,0%,97
https://sjmaths.com/upsc/environment/Climate-Change-Environmental-Administration/Social-Forestry/,0,1,0%,97
https://sjmaths.com/upsc/science_and_tech/Chemistry/Down-Quark-13-charge/,0,1,0%,98
https://sjmaths.com/upsc/economy/Industry-Infrastructure-in-Indian-Economy/Micro-Small-and-Medium-Enterprises-MSMEs/,0,1,0%,99
https://sjmaths.com/upsc/environment/Relevant-Environmental-Data-Lists/Data-List-List-of-Sacred-Groves/,0,1,0%,99
https://sjmaths.com/upsc/environment/Climate-Change-Environmental-Administration/United-Nations-Convention-to-Combat-Desertification-UNCCD/,0,1,0%,100
https://sjmaths.com/upsc/science_and_tech/Biotechnology-Biology/Communicable-diseases/,0,1,0%,100
https://sjmaths.com/upsc/medieval-history/Mughal-Rule/Sher-Shah-Suri-Contribution-Architecture/,0,1,0%,112
https://sjmaths.com/upsc/medieval_history/Mughal-Rule/Sher-Shah-Suri-Contribution-Architecture/,0,1,0%,132
https://sjmaths.com/upsc/polity/Constitutional-Extra-Constitutional-Bodies/Joint-State-public-Service-Commission-JSPSC/,0,1,0%,148