Top queries,Clicks,Impressions,CTR,Position
sj maths,85,110,77.27%,1.32
allahabad high court ro preparation tips,0,11,0%,52
kigali agreement upsc,0,7,0%,83.57
allahabad high court aro preparation tips,0,6,0%,51.83
government of india act 1858 notes,0,6,0%,86.5
s mathematics,0,4,0%,59
up tgt home science syllabus,0,3,0%,43
sj tutorials,0,3,0%,47
16 mahajanapadas in map,0,3,0%,48.67
compound interest installment formula,0,3,0%,52.33
ipcc upsc,0,3,0%,78
ssc cgl science syllabus,0,3,0%,79.33
ssc economics syllabus,0,3,0%,80.67
"""prestigious silver award"" ""department of higher education"" south africa",0,2,0%,8
"""prestigious silver award"" ""department of higher education""",0,2,0%,11
sj math tube,0,2,0%,18
ssc cgl quantitative aptitude histogram,0,2,0%,30.5
how to prepare static gk for ssc cgl,0,2,0%,40.5
s maths,0,2,0%,45
installment formula in simple interest,0,2,0%,49.5
ci installment formula,0,2,0%,54
indian national congress sessions map,0,2,0%,69
reasoning ssc cgl syllabus,0,2,0%,71
international monetary fund upsc,0,2,0%,74
plains of india map,0,2,0%,74
coastal regulation zone upsc,0,2,0%,79
indian council act 1892,0,2,0%,79
simon commission upsc,0,2,0%,82
zsi full form,0,2,0%,87
indian statutory commission,0,2,0%,92.5
intellectual property rights upsc,0,2,0%,94.5
q-13,0,1,0%,8
swadesi bandhan samiti,0,1,0%,13
aituc upsc,0,1,0%,19
ex 3.1 class 11,0,1,0%,19
ions upsc,0,1,0%,19
jspsc in india,0,1,0%,19
difference between cess and surcharge upsc,0,1,0%,21
national ganga river basin authority upsc,0,1,0%,21
bhil uprising,0,1,0%,22
1st arc,0,1,0%,28
albuquerque portuguese,0,1,0%,28
hdr undp,0,1,0%,29
gravitational lensing upsc,0,1,0%,32
tgt syllabus commerce,0,1,0%,33
up tgt mathematics,0,1,0%,35
up tgt syllabus home science,0,1,0%,36
installment questions ssc cgl,0,1,0%,41
graphs of linear equations ssc cgl,0,1,0%,44
smaths,0,1,0%,44
ex 13.1 class 12 maths,0,1,0%,45
sj tutorial,0,1,0%,45
mirror and water images reasoning,0,1,0%,47
non verbal series reasoning,0,1,0%,47
figural classification,0,1,0%,48
installment in simple interest,0,1,0%,48
sentence arrangement,0,1,0%,51
alauddin khilji map,0,1,0%,52
16 mahajanapadas in political map,0,1,0%,54
class 11 maths ex 5.1,0,1,0%,55
complex numbers class 11 ex 4.1,0,1,0%,55
maths weekly revision,0,1,0%,57
ssc cgl static gk syllabus,0,1,0%,57
annual installment formula in simple interest,0,1,0%,58
central water commission upsc,0,1,0%,59
decile and quartile,0,1,0%,59
image reasoning,0,1,0%,59
exercise 4.1 class 11th,0,1,0%,60
northern plains map india,0,1,0%,60
napcc,0,1,0%,61
sadler commission 1917,0,1,0%,61
fao upsc,0,1,0%,63
harappan seals images,0,1,0%,63
biology syllabus for ssc cgl,0,1,0%,64
ex 12.2 class 11,0,1,0%,64
littoral and swamp forest,0,1,0%,64
quartile and decile,0,1,0%,65
saddler commission,0,1,0%,65
tgt maths syllabus,0,1,0%,65
images of harappan seals,0,1,0%,66
joint state public service commission,0,1,0%,66
northern plains of india map,0,1,0%,66
compound interest and simple interest difference formula,0,1,0%,67
map of india northern plains,0,1,0%,67
northern plains in india map,0,1,0%,67
arc upsc,0,1,0%,68
class 11 maths chapter 8 sequence and series exercise 8.1,0,1,0%,68
ntca,0,1,0%,69
peninsula diagram,0,1,0%,69
types of clouds upsc,0,1,0%,70
agriculture and climate change upsc,0,1,0%,71
compound interest simple interest difference formula,0,1,0%,71
simple interest installment formula,0,1,0%,71
brahmaputra river upsc,0,1,0%,72
jc maths,0,1,0%,72
munda rebellion upsc,0,1,0%,72
national adaptation fund for climate change nafcc,0,1,0%,72
india council act 1892,0,1,0%,73
sangam sahitya,0,1,0%,73
act of settlement 1781,0,1,0%,74
cess vs surcharge,0,1,0%,74
august offer 1940 upsc,0,1,0%,75
chemistry syllabus ssc cgl,0,1,0%,75
northern plains on map of india,0,1,0%,75
symbolic operations,0,1,0%,75
1892 act,0,1,0%,76
vivekananda upsc,0,1,0%,76
forest upsc,0,1,0%,77
national development council upsc,0,1,0%,77
pagal panthis revolt,0,1,0%,77
animal welfare board of india upsc,0,1,0%,78
difference between cess and surcharge,0,1,0%,78
genetic engineering upsc,0,1,0%,78
history syllabus for ssc cgl,0,1,0%,78
satavahana dynasty upsc,0,1,0%,78
ssc syllabus,0,1,0%,78
volcanism upsc,0,1,0%,78
arctic council upsc,0,1,0%,80
cess and surcharge difference,0,1,0%,80
ganga river basin authority,0,1,0%,80
upsc pre centres,0,1,0%,80
hot wet equatorial climate,0,1,0%,81
wccb full form,0,1,0%,81
pollutants upsc,0,1,0%,82
risley circular,0,1,0%,82
inc sessions,0,1,0%,83
international civil aviation organization upsc,0,1,0%,83
ssc cgl tier 3 syllabus,0,1,0%,83
zoological survey,0,1,0%,83
cheras kingdom,0,1,0%,84
hdr india,0,1,0%,84
indian rhino vision 2020 upsc,0,1,0%,84
mahalwari system upsc,0,1,0%,85
skandagupta time period,0,1,0%,85
arc commission,0,1,0%,86
big trunk route,0,1,0%,86
biological weathering diagram,0,1,0%,86
cess and surcharge,0,1,0%,86
economics syllabus for ssc cgl,0,1,0%,86
international maritime organization upsc,0,1,0%,86
mesolithic sites,0,1,0%,86
semi evergreen forests,0,1,0%,86
biological diversity act 2002 upsc,0,1,0%,87
china type climate,0,1,0%,87
convention on biological diversity upsc,0,1,0%,87
kuka revolt,0,1,0%,87
government of india act of 1858,0,1,0%,88
inc session,0,1,0%,88
green building upsc,0,1,0%,89
the chera kingdom,0,1,0%,90
the government of india act 1858,0,1,0%,90
capital market upsc,0,1,0%,91
ssc cgl economics syllabus,0,1,0%,91
zoological survey of india,0,1,0%,91
bardoli movement,0,1,0%,92
committee of constituent assembly,0,1,0%,93
inter state trade and commerce,0,1,0%,93
logistics ease across different states,0,1,0%,93
nehru report 1928,0,1,0%,94
moplah rebellion upsc,0,1,0%,95
naqshbandi silsila in india,0,1,0%,96
sangam literature,0,1,0%,96
nbwl,0,1,0%,97
chera dynasty,0,1,0%,99
united nations convention to combat desertification,0,1,0%,100